{
  "format_version": "1.8.0",
  "minecraft:client_entity": {
    "description": {
      "identifier": "minecraft:silverfish",
      "materials": {
        "default": "silverfish",
        "body_layer": "silverfish_layers"
      },
      "textures": {
        "default": "textures/alphaae/entity/silverfish"
      },
      "geometry": {
        "default": "geometry.alphaae.silverfish"
      },
      "animations": {
        "move": "animation.silverfish.move"
      },
      "animation_controllers": [
        { "move": "controller.animation.silverfish.move" }
      ],
      "render_controllers": [ "controller.render.silverfish" ],
      "spawn_egg": {
        "texture": "spawn_egg",
        "texture_index": 8
      }
    }
  }
}