{
  "format_version": "1.8.0",
  "minecraft:client_entity": {
    "description": {
      "identifier": "minecraft:snow_golem",
      "min_engine_version": "1.8.0",
      "materials": {
        "default": "snow_golem"
      },
      "textures": {
        "default": "textures/alphaae/entity/snow_golem"
      },
      "geometry": {
        "default": "geometry.alphaae.snowgolem"
      },
      "animations": {
        "move": "animation.snowgolem.move.v1.8",
        "look_at_target": "animation.common.look_at_target"
      },
      "animation_controllers": [
        { "move": "controller.animation.snowgolem.move.v1.8" }
      ],
      "render_controllers": [ "controller.render.alphaae.snowgolem" ]
    }
  }
}