{
  "format_version": "1.8.0",
  "minecraft:client_entity": {
    "description": {
      "identifier": "minecraft:villager_v2",
      "materials": {
        "default": "villager_v2",
        "masked": "villager_v2_masked"
      },
      "textures": {
        "base": "textures/alphaae/entity/villager/villager",
        "base2": "textures/alphaae/entity/villager/smith",
        "base3": "textures/alphaae/entity/villager/priest",
        "base4": "textures/alphaae/entity/villager/librarian",
        "base5": "textures/alphaae/entity/villager/farmer",
        "base6": "textures/alphaae/entity/villager/butcher"
      },
      "geometry": {
        "default": "geometry.alphaae.villager_v2"
      },
      "scripts": {
        "scale": "0.9375",
        "pre_animation": [
          "variable.num_professions = 15;",
          "variable.num_tiers = 3;",
          "variable.profession_index = (query.variant < variable.num_professions ? query.variant : 0);",
          "variable.level_index = query.trade_tier == 0 ? 0 : (query.trade_tier == query.max_trade_tier ? 2 : 1);"
        ]
      },
      "animations": {
        "general": "animation.villager.general",
        "look_at_target": "animation.common.look_at_target",
        "move": "animation.villager.move",
        "raise_arms": "animation.villager.raise_arms",
        "baby_transform": "animation.villager.baby_transform",
        "get_in_bed": "animation.villager.get_in_bed"
      },
      "animation_controllers": [
        { "general": "controller.animation.villager_v2.general" },
        { "move": "controller.animation.villager_v2.move" },
        { "raise_arms": "controller.animation.villager_v2.raise_arms" },
        { "baby": "controller.animation.villager_v2.baby" }
      ],
      "render_controllers": [
        "controller.render.alphaae.villager_v2_base"
      ],
      "spawn_egg": {
        "texture": "spawn_egg",
        "texture_index": 14
      }
    }
  }
}