{
	"format_version" : "1.8.0",
	"animations" : {
		"animation.cm.ghast.move" : {
			"bones" : {
				"rightArm" : {
					"rotation" : [ "(math.sin(query.life_time * 360.0 + 0) * 11.5 + 23) * 0.8", 0.0, 15.0 ]
				},
				"leftArm" : {
					"rotation" : [ "(math.sin(query.life_time * 360.0 + 0) * 11.5 + 23) * 0.8", 0.0, -15.0 ]
				},
				"rightLeg" : {
					"rotation" : [ "(math.sin(query.life_time * 360.0 + 0) * 11.5 + 23) * 0.8 * 0.2", 0.0, 0.0 ]
				},
				"leftLeg" : {
					"rotation" : [ "(math.sin(query.life_time * 360.0 + 0) * 11.5 + 23) * 0.8 * 0.2", 0.0, 0.0 ]
				},
				"skirt0" : {
					"rotation" : [ "(math.sin(query.life_time * 360.0 + 0) * 11.5 + 23) * 0.8 * 0.2", 0.0, 0.0 ]
				},
				"skirt1" : {
					"rotation" : [ "(math.sin(query.life_time * 360.0 + 0) * 11.5 + 23) * 0.8 * 0.2", 0.0, 0.0 ]
				},
				"skirt2" : {
					"rotation" : [ "(math.sin(query.life_time * 360.0 + 0) * 11.5 + 23) * 0.8 * 0.2", 0.0, 0.0 ]
				},
				"skirt3" : {
					"rotation" : [ "(math.sin(query.life_time * 360.0 + 0) * 11.5 + 23) * 0.8 * 0.2", 0.0, 0.0 ]
				}
			},
			"loop" : true
		}
	}
}
