{
	"format_version" : "1.8.0",
	"animations" : {
		"animation.cm.wolf.angry" : {
			"loop" : true,
			"bones" : {
				"tail" : {
					"rotation" : [ 0.0, "query.is_angry ? -this : (math.cos(query.modified_distance_moved * 38.17) * query.modified_move_speed * 80.22 - this)", 0.0 ]
				}
			}
		},
		"animation.cm.wolf.head_rot_z" : {
			"loop" : true,
			"bones" : {
				"head" : {
					"rotation" : [ 0.0, 0.0, "(query.is_interested ? (query.head_roll_angle * 57.3) : 0) + (query.is_shaking_wetness ? variable.head_rot_z : 0) - this" ]
				}
			}
		},
		"animation.cm.wolf.shaking" : {
			"loop" : true,
			"bones" : {
				"head" : {
					"rotation" : [ 0.0, 0.0, "variable.body_rot_z - this" ]
				}
			}
		},

		"animation.cm.wolf.sitting" : {
			"loop" : true,
			"bones" : {
				"waist" : {
					"position" : [ 0.0, -2.0, 0.0 ]
				},
				"leftLeg" : {
					"position" : [ 0.0, -2.0, 0.0 ],
					"rotation" : [ -90, 0.0, 0.0 ]
				},
				"rightLeg" : {
					"position" : [ 0.0, -2.0, 0.0 ],
					"rotation" : [ -90, 0.0, 0.0 ]
				}
			}
		},
		"animation.cm.wolf.tail_default" : {
			"loop" : true,
			"bones" : {
				"tail" : {
					"rotation" : [ "query.tail_angle * 57.3 - this", 0.0, "variable.tail_rot_z - this" ]
				}
			}
		}
	}
}
