{
	"format_version": "1.8.0",
	"geometry.cm.guardian": {
		"texturewidth": 64,
		"textureheight": 64,
		"visible_bounds_width": 6,
		"visible_bounds_height": 3,
		"visible_bounds_offset": [0, 0, 0],
		"bones": [
			{
				"name": "waist",
				"pivot": [0, 0, 0]
			},
			{
				"name": "head",
				"parent": "waist",
				"pivot": [0, 24, 0],
				"cubes": [
					{"origin": [-3.5, 24, -3], "size": [7, 7, 6], "uv": [0, 0]},
					{"origin": [-4, 23, -3.5], "size": [8, 8, 7], "uv": [0, 13]},
					{"origin": [-3.5, 31, -3], "size": [7, 1, 6], "uv": [0, 28]},
					{"origin": [3, 30.5, -1], "size": [2, 1, 1], "uv": [0, 35]},
					{"origin": [-5, 30.5, -1], "size": [2, 1, 1], "uv": [0, 37]},
					{"origin": [3.5, 25, -1.5], "size": [2, 3, 1], "uv": [18, 60]},
					{"origin": [-5.5, 25, -1.5], "size": [2, 3, 1], "uv": [18, 56]}
				]
			},
			{
				"name": "body",
				"parent": "waist",
				"pivot": [0, 1, 0],
				"cubes": [
					{"origin": [-1.5, 23, -1.5], "size": [3, 2, 3], "uv": [52, 47]},
					{"origin": [-3.5, 18, -1.5], "size": [7, 5, 3], "uv": [0, 47]},
					{"origin": [-3, 12, -1.5], "size": [6, 6, 3], "uv": [0, 55]},
					{"origin": [-3, 19, -2.5], "size": [6, 2, 2], "uv": [48, 56], "inflate": 0.01}
				]
			},
			{
				"name": "breast",
				"parent": "body",
				"pivot": [0, 21, -2],
				"rotation": [-45, 0, 0],
				"cubes": [
					{"origin": [-3, 20.65, -2.35], "size": [6, 2, 2], "uv": [48, 52]},
					{"origin": [-3, 19.25, -0.95], "size": [6, 2, 2], "uv": [48, 60], "inflate": -0.01}
				]
			},
			{
				"name": "skirt0",
				"parent": "body",
				"pivot": [0, 15, 0],
				"cubes": [
					{"origin": [-3.5, 11, -2], "size": [7, 4, 4], "uv": [42, 29]}
				]
			},
			{
				"name": "skirt1",
				"parent": "skirt0",
				"pivot": [0, 12, 0],
				"cubes": [
					{"origin": [-4, 8, -2.5], "size": [8, 4, 5], "uv": [38, 37]}
				]
			},
			{
				"name": "leftLeg",
				"parent": "skirt1",
				"pivot": [2, 10, 0],
				"cubes": [
					{"origin": [0.4, 0, -1.5], "size": [3, 12, 3], "uv": [40, 0]}
				]
			},
			{
				"name": "rightLeg",
				"parent": "skirt1",
				"pivot": [-2, 10, 0],
				"cubes": [
					{"origin": [-3.4, 0, -1.5], "size": [3, 12, 3], "uv": [52, 0]}
				]
			},
			{
				"name": "leftArm",
				"parent": "waist",
				"pivot": [4.5, 22, 0],
				"cubes": [
					{"origin": [3.5, 11, -1], "size": [2, 12, 2], "uv": [32, 0]}
				]
			},
			{
				"name": "rightArm",
				"parent": "waist",
				"pivot": [-4.5, 22, 0],
				"cubes": [
					{"origin": [-5.5, 11, -1], "size": [2, 12, 2], "uv": [56, 15]}
				]
			},
			{
				"name": "tail0",
				"parent": "waist",
				"pivot": [0, 14, 2],
				"cubes": [
					{"origin": [-2, 12, 1], "size": [4, 4, 8], "uv": [32, 15]}
				]
			},
			{
				"name": "tail1",
				"parent": "tail0",
				"pivot": [0, 14, 9],
				"cubes": [
					{"origin": [-1.5, 12.5, 8], "size": [3, 3, 7], "uv": [18, 36]}
				]
			},
			{
				"name": "tail2",
				"parent": "tail1",
				"pivot": [0, 14, 15],
				"cubes": [
					{"origin": [-1, 13, 14], "size": [2, 2, 6], "uv": [0, 39]},
					{"origin": [0, 9.5, 18.5], "size": [0, 9, 10], "uv": [28, 45]}
				]
			}
		]
	}
}