{
	"format_version": "1.8.0",
	"geometry.cm.mooshroom": {
		"texturewidth": 64,
		"textureheight": 64,
		"visible_bounds_width": 2,
		"visible_bounds_height": 3,
		"visible_bounds_offset": [0, 0, 0],
		"bones": [
			{
				"name": "waist",
				"pivot": [0, 0, 0]
			},
			{
				"name": "head",
				"parent": "waist",
				"pivot": [0, 23, 0],
				"cubes": [
					{"origin": [-3.5, 23, -3], "size": [7, 7, 6], "uv": [0, 0]},
					{"origin": [-3.5, 30.5, -3], "size": [7, 1, 6], "uv": [0, 28]},
					{"origin": [-4, 22.5, -3.5], "size": [8, 8, 7], "uv": [0, 13]},
					{"origin": [4, 25.5, -2.5], "size": [1, 3, 3], "uv": [8, 35]},
					{"origin": [-5, 25.5, -2.5], "size": [1, 3, 3], "uv": [16, 35]},
					{"origin": [4, 28.5, -1], "size": [1, 4, 1], "uv": [0, 35]},
					{"origin": [-5, 28.5, -1], "size": [1, 4, 1], "uv": [0, 35]}
				]
			},
			{
				"name": "body",
				"parent": "waist",
				"pivot": [0, 19, 2],
				"cubes": [
					{"origin": [-3.5, 17, -1.5], "size": [7, 5, 3], "uv": [0, 47]},
					{"origin": [-3, 11, -1.5], "size": [6, 6, 3], "uv": [0, 55]},
					{"origin": [-3.5, 9, -2], "size": [7, 4, 4], "uv": [42, 30]},
					{"origin": [3.5, 12, 1], "size": [0, 1, 1], "uv": [62, 67]},
					{"origin": [-1.5, 22, -1.5], "size": [3, 2, 3], "uv": [52, 47]},
					{"origin": [-3, 17, -2.5], "size": [6, 2, 2], "uv": [48, 56], "inflate": 0.01}
				]
			},
			{
				"name": "breast",
				"parent": "body",
				"pivot": [0, 18, -1.5],
				"rotation": [-45, 0, 0],
				"cubes": [
					{"origin": [-3, 18, -2.91], "size": [6, 2, 2], "uv": [48, 52]},
					{"origin": [-3, 16.59, -1.5], "size": [6, 2, 2], "uv": [48, 60], "inflate": -0.01}
				]
			},
			{
				"name": "leftarm",
				"parent": "waist",
				"pivot": [4.5, 21, 0],
				"mirror": true,
				"cubes": [
					{"origin": [3.5, 10, -1], "size": [2, 12, 2], "uv": [36, 0]}
				]
			},
			{
				"name": "rightarm",
				"parent": "waist",
				"pivot": [-4.5, 21, 0],
				"cubes": [
					{"origin": [-5.5, 10, -1], "size": [2, 12, 2], "uv": [36, 0]}
				]
			},
			{
				"name": "leftleg",
				"parent": "waist",
				"pivot": [2, 12, 0],
				"mirror": true,
				"cubes": [
					{"origin": [0.5, 0, -1.5], "size": [3, 12, 3], "uv": [52, 0]}
				]
			},
			{
				"name": "rightleg",
				"parent": "waist",
				"pivot": [-2, 12, 0],
				"cubes": [
					{"origin": [-3.5, 0, -1.5], "size": [3, 12, 3], "uv": [52, 0]}
				]
			}
		]
	}
}