{
	"format_version": "1.8.0",
	"geometry.cm.slime": {
		"texturewidth": 64,
		"textureheight": 64,
		"visible_bounds_width": 2,
		"visible_bounds_height": 3,
		"visible_bounds_offset": [0, 0, 0],
		"bones": [
			{
				"name": "waist",
				"pivot": [0, 24, 0]
			},
			{
				"name": "head",
				"parent": "waist",
				"pivot": [0, 24, 0],
				"cubes": [
					{"origin": [-3.5, 24, -3], "size": [7, 6, 6], "uv": [0, 0]},
					{"origin": [-4, 23, -3.5], "size": [8, 7, 7], "uv": [0, 12]},
					{"origin": [-4, 30, -3.5], "size": [8, 4, 7], "uv": [0, 26]}
				]
			},
			{
				"name": "hair",
				"parent": "head",
				"pivot": [0, 24, 3],
				"rotation": [10, 0, 0],
				"cubes": [
					{"origin": [-4, 19, 2.5], "size": [8, 5, 1], "uv": [30, 14]},
					{"origin": [-4, 14, 2.5], "size": [8, 5, 1], "uv": [30, 20]}
				]
			},
			{
				"name": "body",
				"parent": "waist",
				"pivot": [0, 15, 0],
				"cubes": [
					{"origin": [-1.5, 23, -1.5], "size": [3, 2, 3], "uv": [52, 47]},
					{"origin": [-3.5, 18, -1.5], "size": [7, 5, 3], "uv": [0, 47]},
					{"origin": [-3, 12, -1.5], "size": [6, 6, 3], "uv": [0, 55]},
					{"origin": [-4, 10, -2.5], "size": [8, 3, 5], "uv": [38, 37]},
					{"origin": [-3.5, 13, -2], "size": [7, 2, 4], "uv": [42, 30]},
					{"origin": [-3, 19, -2.5], "size": [6, 2, 2], "uv": [48, 56]}
				]
			},
			{
				"name": "breast",
				"parent": "body",
				"pivot": [0, 21, -1.5],
				"rotation": [-45, 0, 0],
				"cubes": [
					{"origin": [-3, 20.295, -2.205], "size": [6, 2, 2], "uv": [48, 52]},
					{"origin": [-3, 18.88, -0.79], "size": [6, 2, 2], "uv": [48, 60]}
				]
			},
			{
				"name": "leftarm",
				"parent": "waist",
				"pivot": [4.5, 22, 0],
				"cubes": [
					{"origin": [3.5, 11, -1], "size": [2, 12, 2], "uv": [44, 0]}
				]
			},
			{
				"name": "rightarm",
				"parent": "waist",
				"pivot": [-4.5, 22, 0],
				"cubes": [
					{"origin": [-5.5, 11, -1], "size": [2, 12, 2], "uv": [36, 0]}
				]
			},
			{
				"name": "leftleg",
				"parent": "waist",
				"pivot": [2, 12, 0],
				"cubes": [
					{"origin": [0.5, 0, -1.5], "size": [3, 12, 3], "uv": [52, 15]}
				]
			},
			{
				"name": "rightleg",
				"parent": "waist",
				"pivot": [-2, 12, 0],
				"cubes": [
					{"origin": [-3.5, 0, -1.5], "size": [3, 12, 3], "uv": [52, 0]}
				]
			}
		]
	}
}