{
	"format_version": "1.8.0",
	"geometry.cm.spider": {
		"texturewidth": 64,
		"textureheight": 64,
		"visible_bounds_width": 2,
		"visible_bounds_height": 3,
		"visible_bounds_offset": [0, 0, 0],
		"bones": [
			{
				"name": "waist",
				"pivot": [0, 0, 0]
			},
			{
				"name": "head",
				"parent": "waist",
				"pivot": [0, 24, 0],
				"cubes": [
					{"origin": [-3.5, 24, -3], "size": [7, 7, 6], "uv": [0, 0]},
					{"origin": [-4, 23, -3.5], "size": [8, 8, 7], "uv": [0, 13]},
					{"origin": [-3.5, 31, -3], "size": [7, 1, 6], "uv": [0, 28]},
					{"origin": [-3, 32, -2], "size": [2, 1, 1], "uv": [26, 0]},
					{"origin": [1, 32, -2], "size": [2, 1, 1], "uv": [26, 2]}
				]
			},
			{
				"name": "hair",
				"parent": "head",
				"pivot": [0, 23, 0],
				"rotation": [5, 0, 0],
				"cubes": [
					{"origin": [-1.5, 11.5, 2.4], "size": [3, 22, 3], "uv": [20, 39]}
				]
			},
			{
				"name": "body",
				"parent": "waist",
				"pivot": [0, 0, 0],
				"cubes": [
					{"origin": [-1.5, 23, -1.5], "size": [3, 2, 3], "uv": [0, 35]},
					{"origin": [-3.5, 18, -1.5], "size": [7, 5, 3], "uv": [0, 47]},
					{"origin": [-3, 12, -1.5], "size": [6, 6, 3], "uv": [0, 55]},
					{"origin": [-3.5, 12, -2], "size": [7, 2, 4], "uv": [42, 30]},
					{"origin": [-4, 10, -2.5], "size": [8, 2, 5], "uv": [38, 36]}
				]
			},
			{
				"name": "leftarm",
				"parent": "waist",
				"pivot": [4.5, 22, 0],
				"cubes": [
					{"origin": [3.5, 11, -1], "size": [2, 12, 2], "uv": [44, 0]},
					{"origin": [3, 12, -1.5], "size": [3, 5, 3], "uv": [40, 22]}
				]
			},
			{
				"name": "rightarm",
				"parent": "waist",
				"pivot": [-4.5, 22, 0],
				"cubes": [
					{"origin": [-5.5, 11, -1], "size": [2, 12, 2], "uv": [36, 0]},
					{"origin": [-6, 12, -1.5], "size": [3, 5, 3], "uv": [40, 14]}
				]
			},
			{
				"name": "leftleg",
				"parent": "waist",
				"pivot": [2, 11, -1.5],
				"cubes": [
					{"origin": [0.4, 0, -1.5], "size": [3, 12, 3], "uv": [52, 0]}
				]
			},
			{
				"name": "rightleg",
				"parent": "waist",
				"pivot": [-2, 11, -1.5],
				"cubes": [
					{"origin": [-3.4, 0, -1.5], "size": [3, 12, 3], "uv": [52, 0]}
				]
			}
		]
	}
}