{
	"format_version": "1.8.0",
	"geometry.cm.wolf": {
		"texturewidth": 64,
		"textureheight": 64,
		"visible_bounds_width": 2,
		"visible_bounds_height": 2,
		"visible_bounds_offset": [0, 0, 0],
		"bones": [
			{
				"name": "waist",
				"pivot": [1, 0, 0]
			},
			{
				"name": "head",
				"parent": "waist",
				"pivot": [0, 11, 0],
				"cubes": [
					{"origin": [-2.5, 10, -2.5], "size": [5, 2, 5], "uv": [26, 8]},
					{"origin": [-3.5, 11, -3], "size": [7, 7, 6], "uv": [0, 0]},
					{"origin": [-4, 10, -3.5], "size": [8, 8, 7], "uv": [0, 13]},
					{"origin": [-5, 11, -3.5], "size": [10, 5, 6], "uv": [30, 17]},
					{"origin": [-3.5, 18, -3], "size": [7, 1, 6], "uv": [0, 28]},
					{"origin": [-4, 18, 0], "size": [2, 3, 1], "uv": [26, 0]},
					{"origin": [2, 18, 0], "size": [2, 3, 1], "uv": [26, 4]}
				]
			},
			{
				"name": "body",
				"parent": "waist",
				"pivot": [0, 7, 0],
				"cubes": [
					{"origin": [-4, 2, -2.5], "size": [8, 3, 5], "uv": [0, 41]},
					{"origin": [-3.5, 5, -2], "size": [7, 2, 4], "uv": [0, 35]},
					{"origin": [-2.5, 5, -1.5], "size": [5, 5, 3], "uv": [26, 28]},
					{"origin": [-1.5, 10, -1.5], "size": [3, 2, 3], "uv": [42, 28]}
				]
			},
			{
				"name": "leftarm",
				"parent": "waist",
				"pivot": [3.5, 9, 0],
				"cubes": [
					{"origin": [2.5, 4, -1], "size": [2, 6, 2], "uv": [40, 0]}
				]
			},
			{
				"name": "rightarm",
				"parent": "waist",
				"pivot": [-3.5, 9, 0],
				"cubes": [
					{"origin": [-4.5, 4, -1], "size": [2, 6, 2], "uv": [32, 0]}
				]
			},
			{
				"name": "leftleg",
				"parent": "waist",
				"pivot": [1.5, 5, 0],
				"cubes": [
					{"origin": [0.5, 0, -1], "size": [2, 5, 2], "uv": [56, 0]}
				]
			},
			{
				"name": "rightleg",
				"parent": "waist",
				"pivot": [-1.5, 5, 0],
				"cubes": [
					{"origin": [-2.5, 0, -1], "size": [2, 5, 2], "uv": [48, 0]}
				]
			},
			{
				"name": "tail",
				"parent": "waist",
				"pivot": [0, 6, 2],
				"cubes": [
					{"origin": [-1, 0, 1], "size": [2, 7, 2], "uv": [48, 7]}
				]
			}
		]
	}
}