{
  "format_version": "1.8.0",
  "minecraft:client_entity": {
    "description": {
      "identifier": "minecraft:villager_v2",
      "materials": {
        "default": "villager_v2",
        "masked": "villager_v2_masked"
      },
      "textures": {
        "base": "textures/cm/entity/villager/villager",
        "base2": "textures/cm/entity/villager/smith",
        "base3": "textures/cm/entity/villager/priest",
        "base4": "textures/cm/entity/villager/librarian",
        "base5": "textures/cm/entity/villager/farmer",
        "base6": "textures/cm/entity/villager/butcher"
      },
      "geometry": {
        "default": "geometry.cm.villager"
      },
      "scripts": {
        "scale": "0.9375",
        "pre_animation": [
          "variable.num_professions = 15;",
          "variable.num_tiers = 3;",
          "variable.profession_index = (query.variant < variable.num_professions ? query.variant : 0);",
          "variable.level_index = query.trade_tier == 0 ? 0 : (query.trade_tier == query.max_trade_tier ? 2 : 1);"
        ]
      },
      "animations": {
        "look_at_target": "animation.common.look_at_target",
        "walk": "animation.cm.walk",
        "bob": "animation.cm.bob",
        "jump": "animation.cm.jump.dwalk",
        "riding": "animation.cm.riding",

        "raise_arms": "animation.cm.villager.raise_arms",
        "get_in_bed": "animation.cm.villager.get_in_bed"
      },
      "animation_controllers": [
        { "look_at_target": "controller.animation.cm.look_at_target" },
        { "move": "controller.animation.cm.villager_v2.move.jump" },
        { "riding": "controller.animation.cm.riding" },

        { "raise_arms": "controller.animation.cm.villager_v2.raise_arms" }
      ],
      "render_controllers": [
        "controller.render.alphaae.villager_v2_base"
      ],
      "spawn_egg": {
        "texture": "spawn_egg",
        "texture_index": 14
      }
    }
  }
}