{
  "format_version": "1.8.0",
  "minecraft:client_entity": {
    "description": {
      "identifier": "minecraft:zombie_pigman",
      "min_engine_version": "1.8.0",
      "materials": { "default": "zombie" },
      "textures": {
        "default": "textures/cm/entity/pig/pigzombie"
      },
      "geometry": {
        "default": "geometry.cm.pigzombie",
        "baby": "geometry.cm.pigzombie"
      },
      "spawn_egg": {
        "texture": "spawn_egg",
        "texture_index": 13
      },
      "scripts": {
        "pre_animation": [
          "variable.tcos0 = (Math.cos(query.modified_distance_moved * 38.17) * query.modified_move_speed / variable.gliding_speed_value) * 57.3;"
        ]
      },
      "animations": {
        "look_at_target": "animation.common.look_at_target",
        "walk": "animation.cm.walk",
        "bob": "animation.cm.bob",
        "jump": "animation.cm.jump.dwalk",
        "riding": "animation.cm.riding",

        "zombie_attack_bare_hand": "animation.cm.zombie.attack_bare_hand"
      },
      "animation_controllers": [
        { "look_at_target": "controller.animation.cm.look_at_target" },
        { "move": "controller.animation.cm.move.jump" },
        { "riding": "controller.animation.cm.riding" },

        { "zombie_attack_bare_hand": "controller.animation.cm.zombie.attack_bare_hand" }
      ],
      "render_controllers": [ "controller.render.zombie_pigman" ],
      "enable_attachables": true
    }
  }
}