{
	"format_version" : "1.8.0",
	"animations" : {
		"animation.ghast.move" : {
			"bones" : {
				"rightArm" : {
					"rotation" : [ "math.sin(query.life_time * 360.0 + 0) * 11.5 + 23", 0.0, 0.0 ]
				},
				"leftArm" : {
					"rotation" : [ "math.sin(query.life_time * 360.0 + 0) * 11.5 + 23", 0.0, 0.0 ]
				},
				"rightLeg" : {
					"rotation" : [ "math.sin(query.life_time * 360.0 + 0) * 11.5 + 23", 0.0, 0.0 ]
				},
				"leftLeg" : {
					"rotation" : [ "math.sin(query.life_time * 360.0 + 0) * 11.5 + 23", 0.0, 0.0 ]
				},
				"body2" : {
					"rotation" : [ "math.sin(query.life_time * 360.0 + 0) * 11.5 + 23", 0.0, 0.0 ]
				}
			},
			"loop" : true
		},
		"animation.ghast.scale" : {
			"bones" : {
				"body" : {
					"scale" : 1.00
				}
			},
			"loop" : true
		}
	}
}
