{
	"format_version" : "1.8.0",
	"animations" : {
		"animation.silverfish.move" : {
			"loop": true,
			"anim_time_update" : "query.modified_distance_moved",
			"bones": {
				"rightLeg": {
					"rotation" : [ "(math.cos(query.anim_time * 38.17) * 40.0) - this", "-this", 0.0 ]
				},
				"leftLeg": {
					"rotation" : [ "(math.cos(query.anim_time * 38.17 + 180) * 40.0) - this", "-this", 0.0 ]
				},
				"rightArm": {
					"rotation" : [ "(math.cos(query.anim_time * 38.17 + 180) * 40.0) - this", "-this", 0.0 ]
				},
				"leftArm": {
					"rotation" : [ "(math.cos(query.anim_time * 38.17) * 40.0) - this", "-this", 0.0 ]
				}
			}
		}
	}
}
