{
	"format_version" : "1.8.0",
	"animations" : {
		"animation.snowgolem.move.v1.8" :  {
			"anim_time_update" : "query.modified_distance_moved",
			"bones" : {
				"leg1" : {
					"rotation" : [ "(math.cos(query.anim_time * 38.17) * 40.0) - this", "-this", 0.0 ]
				},
				"leg2" : {
					"rotation" : [ "(math.cos(query.anim_time * 38.17 + 180) * 40.0) - this", "-this", 0.0 ]
				},
				"marm1" : {
					"rotation" : [ "(math.cos(query.anim_time * 38.17 + 180) * 40.0) - this", "-this", 0.0 ]

				},
				"marm2" : {
					"rotation" : [ "(math.cos(query.anim_time * 38.17) * 40.0) - this", "-this", 0.0 ]
				}
			},
			"loop" : true
		}
	}
}
