{
	"format_version": "1.8.0",
	"animations": {
		"animation.spider.default_leg_pose": {
			"loop": true,
			"bones": {
				"rightLeg": {
					"rotation": [0, "this", "this"]
				},
				"leftLeg": {
					"rotation": [0, "this", "this"]
				},
				"rightArm": {
					"rotation": [0, "this", 5.0]
				},
				"leftArm": {
					"rotation": [0, "this", -5.0]
				}
			}
		},
		"animation.spider.look_at_target": {
			"loop": true,
			"bones": {
				"head": {
					"rotation": ["query.target_x_rotation", "query.target_y_rotation", 0]
				},
				"hair": {
					"rotation": ["query.target_x_rotation", "query.target_y_rotation", "query.target_z_rotation"]
				}
			}
		},
		"animation.spider.walk": {
			"loop": true,
			"anim_time_update": "query.modified_distance_moved",
			"bones": {
				"rightLeg": {
					"rotation" : [ "(math.cos(query.anim_time * 38.17) * 40.0) - this", "-this", 0.0 ]
				},
				"leftLeg": {
					"rotation" : [ "(math.cos(query.anim_time * 38.17 + 180) * 40.0) - this", "-this", 0.0 ]
				},
				"rightArm": {
					"rotation" : [ "(math.cos(query.anim_time * 38.17 + 180) * 40.0) - this", "-this", 0.0 ]
				},
				"leftArm": {
					"rotation" : [ "(math.cos(query.anim_time * 38.17) * 40.0) - this", "-this", 0.0 ]
				}
			}
		}
	}
}