{
	"format_version" : "1.8.0",
	"animations" : {
		"animation.wolf.angry" : {
			"bones" : {
				"tail" : {
					"rotation" : [ 0.0, "query.is_angry ? -this : (math.cos(query.modified_distance_moved * 38.17) * query.modified_move_speed * 80.22 - this)", 0.0 ]
				}
			},
			"loop" : true
		},
		"animation.wolf.head_rot_z" : {
			"bones" : {
				"head" : {
					"rotation" : [ 0.0, 0.0, "(query.is_interested ? (query.head_roll_angle * 57.3) : 0) + (query.is_shaking_wetness ? variable.head_rot_z : 0) - this" ]
				}
			},
			"loop" : true
		},
		"animation.wolf.leg_default" : {
			"bones" : {
				"leg0" : {
					"rotation" : [ "math.cos(query.modified_distance_moved * 38.17) * 80.22 * query.modified_move_speed - this", 0.0, 0.0 ]
				},
				"leg1" : {
					"rotation" : [ "math.cos(query.modified_distance_moved * 38.17 + 180) * 80.22 * query.modified_move_speed - this", 0.0, 0.0 ]
				},
				"leg2" : {
					"rotation" : [ "math.cos(query.modified_distance_moved * 38.17 + 180) * 80.22 * query.modified_move_speed - this", 0.0, 0.0 ]
				},
				"leg3" : {
					"rotation" : [ "math.cos(query.modified_distance_moved * 38.17) * 80.22 * query.modified_move_speed - this", 0.0, 0.0 ]
				}
			},
			"loop" : true
		},
		"animation.wolf.shaking" : {
			"bones" : {
				"head" : {
					"rotation" : [ 0.0, 0.0, "variable.body_rot_z - this" ]
				}
			},
			"loop" : true
		},
		"animation.wolf.sitting" : {
			"bones" : {
				"body" : {
					"position" : [ "-1 - this", "-18 - this", "-this" ]
				},
				"leg2" : {
					"position" : [ "-1.5 - this", "-4 - this", "-this" ],
					"rotation" : [ "270 - this", 0.0, 0.0 ]
				},
				"leg3" : {
					"position" : [ "1.5 - this", "-4 - this", "-this" ],
					"rotation" : [ "270 - this", 0.0, 0.0 ]
				}
			},
			"loop" : true
		},
		"animation.wolf.tail_default" : {
			"bones" : {
				"tail" : {
					"rotation" : [ "query.tail_angle * 57.3 - this", 0.0, "variable.tail_rot_z - this" ]
				}
			},
			"loop" : true
		}
	}
}
