{
	"format_version": "1.8.0",
	"geometry.alphaae.blaze": {
		"texturewidth": 64,
		"textureheight": 64,
		"visible_bounds_width": 1,
		"visible_bounds_height": 2,
		"visible_bounds_offset": [0, 1, 0],
		"bones": [
			{
				"name": "waist",
				"pivot": [0, 4, 0]
			},
			{
				"name": "upperBodyParts0",
				"parent": "waist",
				"pivot": [0, 28, 0],
				"cubes": [
					{"origin": [0, 20, 0], "size": [1, 4, 1], "uv": [26, 0]}
				]
			},
			{
				"name": "upperBodyParts1",
				"parent": "waist",
				"pivot": [0, 28, 0],
				"cubes": [
					{"origin": [0, 20, 0], "size": [1, 4, 1], "uv": [26, 0]}
				]
			},
			{
				"name": "upperBodyParts2",
				"parent": "waist",
				"pivot": [0, 28, 0],
				"cubes": [
					{"origin": [0, 20, 0], "size": [1, 4, 1], "uv": [26, 0]}
				]
			},
			{
				"name": "upperBodyParts3",
				"parent": "waist",
				"pivot": [0, 28, 0],
				"cubes": [
					{"origin": [0, 20, 0], "size": [1, 4, 1], "uv": [26, 0]}
				]
			},
			{
				"name": "upperBodyParts4",
				"parent": "waist",
				"pivot": [0, 28, 0],
				"cubes": [
					{"origin": [0, 20, 0], "size": [1, 4, 1], "uv": [26, 0]}
				]
			},
			{
				"name": "upperBodyParts5",
				"parent": "waist",
				"pivot": [0, 28, 0],
				"cubes": [
					{"origin": [0, 20, 0], "size": [1, 4, 1], "uv": [26, 0]}
				]
			},
			{
				"name": "upperBodyParts6",
				"parent": "waist",
				"pivot": [0, 28, 0],
				"cubes": [
					{"origin": [0, 20, 0], "size": [1, 4, 1], "uv": [26, 0]}
				]
			},
			{
				"name": "upperBodyParts7",
				"parent": "waist",
				"pivot": [0, 28, 0],
				"cubes": [
					{"origin": [0, 20, 0], "size": [1, 4, 1], "uv": [26, 0]}
				]
			},
			{
				"name": "upperBodyParts8",
				"parent": "waist",
				"pivot": [0, 28, 0],
				"cubes": [
					{"origin": [0, 20, 0], "size": [1, 4, 1], "uv": [26, 0]}
				]
			},
			{
				"name": "upperBodyParts9",
				"parent": "waist",
				"pivot": [0, 28, 0],
				"cubes": [
					{"origin": [0, 20, 0], "size": [1, 4, 1], "uv": [26, 0]}
				]
			},
			{
				"name": "upperBodyParts10",
				"parent": "waist",
				"pivot": [0, 28, 0],
				"cubes": [
					{"origin": [0, 20, 0], "size": [1, 4, 1], "uv": [26, 0]}
				]
			},
			{
				"name": "upperBodyParts11",
				"parent": "waist",
				"pivot": [0, 28, 0],
				"cubes": [
					{"origin": [0, 20, 0], "size": [1, 4, 1], "uv": [26, 0]}
				]
			},
			{
				"name": "head",
				"parent": "waist",
				"pivot": [0, 28, 0],
				"cubes": [
					{"origin": [-3.5, 24, -3], "size": [7, 7, 6], "uv": [0, 0]},
					{"origin": [-4, 23, -3.5], "size": [8, 8, 7], "uv": [0, 13]},
					{"origin": [-3.5, 31, -3], "size": [7, 1, 6], "uv": [0, 28]}
				]
			},
			{
				"name": "hair",
				"parent": "head",
				"pivot": [0, 23, 3],
				"rotation": [10, 0, 0],
				"cubes": [
					{"origin": [-4, 12, 2.5], "size": [8, 12, 1], "uv": [30, 14]}
				]
			},
			{
				"name": "body",
				"parent": "waist",
				"pivot": [0, 4, 0],
				"cubes": [
					{"origin": [-1.5, 23, -1.5], "size": [3, 2, 3], "uv": [52, 47]},
					{"origin": [-3.5, 18, -1.5], "size": [7, 5, 3], "uv": [0, 47]},
					{"origin": [-3, 12, -1.5], "size": [6, 6, 3], "uv": [0, 55], "inflate": -0.01},
					{"origin": [-3.5, 11, -1.5], "size": [7, 3, 3], "uv": [0, 35]},
					{"origin": [-3, 19, -2.5], "size": [6, 2, 2], "uv": [48, 56]}
				]
			},
			{
				"name": "breast",
				"parent": "body",
				"pivot": [0, 21, -1.5],
				"rotation": [-45, 0, 0],
				"cubes": [
					{"origin": [-3, 20.3, -2.21], "size": [6, 2, 2], "uv": [48, 52]},
					{"origin": [-3, 18.89, -0.8], "size": [6, 2, 2], "uv": [48, 60]}
				]
			},
			{
				"name": "arm0",
				"parent": "waist",
				"pivot": [-4.5, 22, 0],
				"cubes": [
					{"origin": [-5.5, 11, -1], "size": [2, 12, 2], "uv": [36, 0]}
				]
			},
			{
				"name": "arm1",
				"parent": "waist",
				"pivot": [4.5, 22, 0],
				"cubes": [
					{"origin": [3.5, 11, -1], "size": [2, 12, 2], "uv": [44, 0]}
				]
			},
			{
				"name": "leg0",
				"parent": "waist",
				"pivot": [0, 4, 0],
				"cubes": [
					{"origin": [-3.5, 0, -1.5], "size": [3, 12, 3], "uv": [52, 0]}
				]
			},
			{
				"name": "leg1",
				"parent": "waist",
				"pivot": [0, 4, 0],
				"cubes": [
					{"origin": [0.5, 0, -1.5], "size": [3, 12, 3], "uv": [52, 15]}
				]
			}
		]
	}
}