{
	"format_version": "1.8.0",
	"geometry.alphaae.enderman": {
		"texturewidth": 64,
		"textureheight": 64,
		"visible_bounds_width": 1,
		"visible_bounds_height": 2,
		"visible_bounds_offset": [0, 1, 0],
		"bones": [
			{
				"name": "waist",
				"pivot": [0, 2, 0]
			},
			{
				"name": "body",
				"parent": "waist",
				"pivot": [0, 13, 0],
				"reset": true,
				"cubes": [
					{"origin": [-4, 10, -2.5], "size": [8, 3, 5], "uv": [38, 37]},
					{"origin": [-3.5, 12, -2], "size": [7, 3, 4], "uv": [42, 29]},
					{"origin": [-3, 12, -1.5], "size": [6, 6, 3], "uv": [0, 55]},
					{"origin": [-3.5, 18, -1.5], "size": [7, 5, 3], "uv": [0, 47]},
					{"origin": [-1.5, 23, -1.5], "size": [3, 2, 3], "uv": [0, 42]}
				]
			},
			{
				"name": "arm",
				"parent": "waist",
				"pivot": [0, 28, 0],
				"reset": true
			},
			{
				"name": "rightArm",
				"parent": "arm",
				"pivot": [-4.5, 22, 0],
				"reset": true,
				"cubes": [
					{"origin": [-5.5, 11, -1], "size": [2, 12, 2], "uv": [36, 0]}
				]
			},
			{
				"name": "rightItem",
				"parent": "rightArm",
				"pivot": [-6, 15, 1]
			},
			{
				"name": "leftArm",
				"parent": "arm",
				"pivot": [4.5, 22, 0],
				"reset": true,
				"mirror": true,
				"cubes": [
					{"origin": [3.5, 11, -1], "size": [2, 12, 2], "uv": [36, 0]}
				]
			},
			{
				"name": "leg",
				"parent": "waist",
				"pivot": [0, 16, 0],
				"reset": true
			},
			{
				"name": "rightLeg",
				"parent": "leg",
				"pivot": [-2, 11, 0],
				"reset": true,
				"cubes": [
					{"origin": [-3.5, 0, -1.5], "size": [3, 12, 3], "uv": [52, 0]}
				]
			},
			{
				"name": "leftLeg",
				"parent": "leg",
				"pivot": [2, 11, 0],
				"reset": true,
				"mirror": true,
				"cubes": [
					{"origin": [0.5, 0, -1.5], "size": [3, 12, 3], "uv": [52, 15]}
				]
			},
			{
				"name": "headPoint",
				"parent": "waist",
				"pivot": [0, 24, 0]
			},
			{
				"name": "head",
				"parent": "headPoint",
				"pivot": [0, 24, 0],
				"reset": true,
				"cubes": [
					{"origin": [-3.5, 23, -2.5], "size": [7, 1, 5], "uv": [40, 45]},
					{"origin": [-3.5, 24, -3], "size": [7, 5, 6], "uv": [0, 0]},
					{"origin": [-4, 22, -3.5], "size": [8, 7, 7], "uv": [0, 11]},
					{"origin": [-4, 29, -3.5], "size": [8, 3, 7], "uv": [0, 25]},
					{"origin": [-3.5, 32, -3], "size": [7, 1, 6], "uv": [0, 35]}
				]
			},
			{
				"name": "hat",
				"parent": "head",
				"pivot": [0, 24, 0],
				"reset": true
			},
			{
				"name": "hair",
				"parent": "head",
				"pivot": [0, 24, 3],
				"rotation": [5, 0, 0],
				"cubes": [
					{"origin": [-4, 13, 2.5], "size": [8, 11, 1], "uv": [30, 14]}
				]
			}
		]
	}
}