{
	"format_version": "1.8.0",
	"geometry.alphaae.ghast": {
		"texturewidth": 64,
		"textureheight": 64,
		"visible_bounds_width": 1,
		"visible_bounds_height": 2,
		"visible_bounds_offset": [0, 1, 0],
		"bones": [
			{
				"name": "body",
				"pivot": [0, 8, 0],
				"cubes": [
					{"origin": [-1.5, 21, -1.5], "size": [3, 2, 3], "uv": [18, 59]},
					{"origin": [-3.5, 16, -1.5], "size": [7, 5, 3], "uv": [0, 46]},
					{"origin": [-3, 12, -1.5], "size": [6, 4, 3], "uv": [0, 54]},
					{"origin": [-3, 17, -2.5], "size": [6, 2, 2], "uv": [36, 18]}
				]
			},
			{
				"name": "head",
				"parent": "body",
				"pivot": [0, 8, 0],
				"cubes": [
					{"origin": [-3.5, 22, -3], "size": [7, 5, 6], "uv": [0, 0]},
					{"origin": [-4, 18, -3.5], "size": [8, 9, 7], "uv": [0, 11]},
					{"origin": [-4.5, 27, -4], "size": [9, 4, 8], "uv": [0, 34]},
					{"origin": [-3.5, 31, -3], "size": [7, 1, 6], "uv": [0, 27]}
				]
			},
			{
				"name": "hair",
				"parent": "head",
				"pivot": [0, 21, 3],
				"rotation": [10, 0, 0],
				"cubes": [
					{"origin": [-4, 9, 2.5], "size": [8, 12, 1], "uv": [20, 46]}
				]
			},
			{
				"name": "rightArm",
				"parent": "body",
				"pivot": [-4.5, 20, 0],
				"cubes": [
					{"origin": [-5.5, 9, -1], "size": [2, 12, 2], "uv": [36, 0]}
				]
			},
			{
				"name": "leftArm",
				"parent": "body",
				"pivot": [4.5, 20, 0],
				"cubes": [
					{"origin": [3.5, 9, -1], "size": [2, 12, 2], "uv": [44, 0]}
				]
			},
			{
				"name": "rightLeg",
				"parent": "body",
				"pivot": [-2, 10, 0],
				"cubes": [
					{"origin": [-3.5, 0, -1.5], "size": [3, 10, 3], "uv": [52, 0]}
				]
			},
			{
				"name": "leftLeg",
				"parent": "body",
				"pivot": [2, 10, 0],
				"cubes": [
					{"origin": [0.5, 0, -1.5], "size": [3, 10, 3], "uv": [52, 13]}
				]
			},
			{
				"name": "breast",
				"parent": "body",
				"pivot": [0, 19, -2],
				"rotation": [-45, 0, 0],
				"cubes": [
					{"origin": [-3, 18.65, -2.35], "size": [6, 2, 2], "uv": [36, 14]},
					{"origin": [-3, 17.25, -0.95], "size": [6, 2, 2], "uv": [36, 22]}
				]
			},
			{
				"name": "body2",
				"parent": "body",
				"pivot": [0, 12, 0],
				"cubes": [
					{"origin": [-3.5, 9, -2], "size": [7, 4, 4], "uv": [42, 37], "inflate": 0.1},
					{"origin": [-4, 6, -2.5], "size": [8, 4, 5], "uv": [38, 45]},
					{"origin": [-4.5, 4, -3], "size": [9, 4, 6], "uv": [34, 54]},
					{"origin": [-5, 1, -3.5], "size": [10, 4, 7], "uv": [30, 26]}
				]
			}
		]
	}
}