{
	"format_version": "1.8.0",
	"geometry.alphaae.silverfish": {
		"texturewidth": 64,
		"textureheight": 64,
		"visible_bounds_width": 2,
		"visible_bounds_height": 2,
		"visible_bounds_offset": [0, 1, 0],
		"bones": [
			{
				"name": "body",
				"pivot": [0, 0, 0],
				"cubes": [
					{"origin": [-1.5, 20, -1.5], "size": [3, 2, 3], "uv": [20, 35]},
					{"origin": [-3.5, 15, -1.5], "size": [7, 5, 3], "uv": [0, 36]},
					{"origin": [-3, 10, -1.5], "size": [6, 5, 3], "uv": [0, 44]},
					{"origin": [-3.5, 9, -2], "size": [7, 3, 4], "uv": [42, 36]},
					{"origin": [-4.5, 6, -3], "size": [9, 3, 6], "uv": [34, 43]},
					{"origin": [-5.5, 2, -4], "size": [11, 4, 8], "uv": [26, 52]}
				]
			},
			{
				"name": "head",
				"parent": "body",
				"pivot": [0, 23, 0],
				"cubes": [
					{"origin": [-3.5, 21, -3], "size": [7, 7, 6], "uv": [0, 0]},
					{"origin": [-4, 20, -3.5], "size": [8, 8, 7], "uv": [0, 13]},
					{"origin": [-3.5, 28, -3], "size": [7, 1, 6], "uv": [0, 28]},
					{"origin": [3, 24.5, -2], "size": [3, 5, 4], "uv": [0, 52]}
				]
			},
			{
				"name": "rightArm",
				"parent": "body",
				"pivot": [-4.5, 19, 0],
				"cubes": [
					{"origin": [-5.5, 11, -1], "size": [2, 9, 2], "uv": [36, 0]}
				]
			},
			{
				"name": "leftArm",
				"parent": "body",
				"pivot": [4.5, 19, 0],
				"cubes": [
					{"origin": [3.5, 11, -1], "size": [2, 9, 2], "uv": [44, 0]}
				]
			},
			{
				"name": "rightLeg",
				"parent": "body",
				"pivot": [-2, 10, 0],
				"cubes": [
					{"origin": [-3.5, 0, -1.5], "size": [3, 10, 3], "uv": [52, 0]}
				]
			},
			{
				"name": "leftLeg",
				"parent": "body",
				"pivot": [2, 10, 0],
				"cubes": [
					{"origin": [0.5, 0, -1.5], "size": [3, 10, 3], "uv": [52, 13]}
				]
			}
		]
	}
}