{
	"format_version": "1.8.0",
	"geometry.alphaae.villager": {
		"texturewidth": 64,
		"textureheight": 64,
		"visible_bounds_width": 1,
		"visible_bounds_height": 2,
		"visible_bounds_offset": [0, 1, 0],
		"bones": [
			{
				"name": "body",
				"pivot": [0, 0, 0],
				"cubes": [
					{"origin": [-1.5, 24, -1.5], "size": [3, 2, 3], "uv": [20, 49]},
					{"origin": [-3.5, 19, -1.5], "size": [7, 5, 3], "uv": [0, 47]},
					{"origin": [-3, 12.5, -1.5], "size": [6, 6, 3], "uv": [0, 55], "inflate": 0.5},
					{"origin": [-3.5, 11.5, -2], "size": [7, 4, 4], "uv": [42, 30], "inflate": 0.5},
					{"origin": [-4, 6.5, -3], "size": [8, 5, 6], "uv": [36, 38], "inflate": 0.5},
					{"origin": [-4.5, 1.5, -4], "size": [9, 5, 8], "uv": [30, 49], "inflate": 0.5}
				]
			},
			{
				"name": "head",
				"parent": "body",
				"pivot": [0, 25, 0],
				"cubes": [
					{"origin": [-3.5, 25, -3], "size": [7, 7, 6], "uv": [0, 0]},
					{"origin": [-4, 22, -3.5], "size": [8, 10, 7], "uv": [0, 13]},
					{"origin": [-3.5, 32, -3], "size": [7, 1, 6], "uv": [0, 30]}
				]
			},
			{
				"name": "arms",
				"parent": "body",
				"pivot": [0, 22, 0],
				"cubes": [
					{"origin": [-5.5, 12, -1], "size": [2, 12, 2], "uv": [36, 0]},
					{"origin": [3.5, 12, -1], "size": [2, 12, 2], "uv": [44, 0]}
				]
			},
			{
				"name": "leg0",
				"parent": "body",
				"pivot": [-2, 12, 0],
				"cubes": [
					{"origin": [-4, 0, -1.5], "size": [3, 12, 3], "uv": [52, 0]}
				]
			},
			{
				"name": "leg1",
				"parent": "body",
				"pivot": [2, 12, 0],
				"cubes": [
					{"origin": [1, 0, -1.5], "size": [3, 12, 3], "uv": [52, 15]}
				]
			}
		]
	}
}