{
	"format_version": "1.8.0",
	"geometry.alphaae.pigzombie.baby": {
		"texturewidth": 64,
		"textureheight": 64,
		"visible_bounds_width": 1,
		"visible_bounds_height": 2,
		"visible_bounds_offset": [0, 1, 0],
		"bones": [
			{
				"name": "waist",
				"pivot": [0, 12, 0]
			},
			{
				"name": "body",
				"parent": "waist",
				"pivot": [0, 24, 0],
				"cubes": [
					{"origin": [-3.5, 11, -2], "size": [7, 3, 4], "uv": [42, 30]},
					{"origin": [-3, 12, -1.5], "size": [6, 6, 3], "uv": [0, 55]},
					{"origin": [-3.5, 18, -1.5], "size": [7, 5, 3], "uv": [0, 47]},
					{"origin": [-1.5, 23, -1.5], "size": [3, 2, 3], "uv": [52, 47]},
					{"origin": [-3, 19, -2.41], "size": [6, 2, 2], "uv": [48, 56]}
				]
			},
			{
				"name": "head",
				"parent": "body",
				"pivot": [0, 24, 0],
				"cubes": [
					{"origin": [-3.5, 24, -3], "size": [7, 7, 6], "uv": [0, 0]},
					{"origin": [-4, 23, -3.5], "size": [8, 8, 7], "uv": [0, 13]},
					{"origin": [-3.5, 31, -3], "size": [7, 1, 6], "uv": [0, 28]}
				]
			},
			{
				"name": "hat",
				"parent": "head",
				"pivot": [0, 24, 0]
			},
			{
				"name": "rightArm",
				"parent": "body",
				"pivot": [-4.5, 22, 0],
				"cubes": [
					{"origin": [-5.5, 11, -1], "size": [2, 12, 2], "uv": [36, 0]}
				]
			},
			{
				"name": "rightItem",
				"parent": "rightArm",
				"pivot": [-5, 15, 1]
			},
			{
				"name": "leftArm",
				"parent": "body",
				"pivot": [4.5, 22, 0],
				"mirror": true,
				"cubes": [
					{"origin": [3.5, 11, -1], "size": [2, 12, 2], "uv": [36, 0]}
				]
			},
			{
				"name": "rightLeg",
				"parent": "body",
				"pivot": [-1.9, 11, 0],
				"cubes": [
					{"origin": [-3.5, 0, -1.5], "size": [3, 12, 3], "uv": [52, 0]}
				]
			},
			{
				"name": "leftLeg",
				"parent": "body",
				"pivot": [1.9, 11, 0],
				"mirror": true,
				"cubes": [
					{"origin": [0.5, 0, -1.5], "size": [3, 12, 3], "uv": [52, 0]},
					{"origin": [0.9, 6, -2], "size": [3, 6, 4], "uv": [0, 35], "mirror": false}
				]
			},
			{
				"name": "breast",
				"parent": "body",
				"pivot": [0, 21, -1],
				"rotation": [-45, 0, 0],
				"cubes": [
					{"origin": [-3, 20, -2], "size": [6, 2, 2], "uv": [48, 52]},
					{"origin": [-3, 18.59, -0.58], "size": [6, 2, 2], "uv": [48, 52]}
				]
			}
		]
	}
}